id,arquivo,copia,sha256,tipo,paginas,texto_extraivel,assunto_provavel,escopo,erro
260cd3c33c2e,materiais\c01_prova1_2023-03_q2_algoritmo_x.md,00-originais\ingestao\500f410d72e2af3a58f2bb93e3d1f120485fbde2e35374785ef8ba0b2d440853\c01_prova1_2023-03_q2_algoritmo_x.md,500f410d72e2af3a58f2bb93e3d1f120485fbde2e35374785ef8ba0b2d440853,.md,1,s,b1-02-divisao-e-conquista,acervo,
ebd32d24085d,materiais\c02_gabarito_algoritmo_x_nota_2.md,00-originais\ingestao\267d09ee167cc15c1eb46d86fef7f57c071f4b772e8b7d110d5e70e4119e32d5\c02_gabarito_algoritmo_x_nota_2.md,267d09ee167cc15c1eb46d86fef7f57c071f4b772e8b7d110d5e70e4119e32d5,.md,1,s,b1-02-divisao-e-conquista,acervo,
7384e3442406,materiais\c03_variantes_algoritmo_x_outras_provas.md,00-originais\ingestao\c16620fae2a1846abd1e20953c4241e1c1a3c014ee35be196de6f8f758fc4ada\c03_variantes_algoritmo_x_outras_provas.md,c16620fae2a1846abd1e20953c4241e1c1a3c014ee35be196de6f8f758fc4ada,.md,1,s,b1-02-divisao-e-conquista,acervo,
775a7dacfbc6,materiais\c04_prova_asterisco_enunciados.md,00-originais\ingestao\269a6e57f68c60201e1569a8b7ccff51b3f6fe0cf40412f40e44aae0be34168c\c04_prova_asterisco_enunciados.md,269a6e57f68c60201e1569a8b7ccff51b3f6fe0cf40412f40e44aae0be34168c,.md,1,s,b1-01-corretude-complexidade,acervo,
a16243942b3d,materiais\c05_lista2_q9_asterisco_resolucao.md,00-originais\ingestao\b51d09f8cabe6e490d8f50b3bf0b49948c77f6c1ede7201dac3dcfe88ecaccb9\c05_lista2_q9_asterisco_resolucao.md,b51d09f8cabe6e490d8f50b3bf0b49948c77f6c1ede7201dac3dcfe88ecaccb9,.md,1,s,b1-01-corretude-complexidade,acervo,
446039c2210c,materiais\c06_lista2_q10_metodo_iteracao.md,00-originais\ingestao\8e4147fcf59a7bcc4aaf0e253ecbdc9d1871703947ff855b4f6874c30c3a8f73\c06_lista2_q10_metodo_iteracao.md,8e4147fcf59a7bcc4aaf0e253ecbdc9d1871703947ff855b4f6874c30c3a8f73,.md,1,s,b1-01-corretude-complexidade,acervo,
3166437dde3c,materiais\c07_provafinal_2024_q6_composto.md,00-originais\ingestao\e56aa9838c007c2fd0ab7a7b0463d1f358ee3e82ed38045e5f07c44d6965008d\c07_provafinal_2024_q6_composto.md,e56aa9838c007c2fd0ab7a7b0463d1f358ee3e82ed38045e5f07c44d6965008d,.md,1,s,b2-06-np-completude,acervo,
e6e6491d28fd,materiais\c08_lista7_q2_composto_resolucao.md,00-originais\ingestao\9910baeeff55b9f16056a895f7d6a005eda0aadf73775967f05d1ea95f4941c7\c08_lista7_q2_composto_resolucao.md,9910baeeff55b9f16056a895f7d6a005eda0aadf73775967f05d1ea95f4941c7,.md,1,s,b2-06-np-completude,acervo,
ec1dc2e2e188,materiais\c09_lista7_q1_classes_resolucao.md,00-originais\ingestao\8b6d19c7d3970752156a9a9eef3ff5f96f7af1adc328a8fc748762e6331a1d40\c09_lista7_q1_classes_resolucao.md,8b6d19c7d3970752156a9a9eef3ff5f96f7af1adc328a8fc748762e6331a1d40,.md,1,s,b2-06-np-completude,acervo,
55f30500c856,materiais\c10_provas4_classes_enunciados.md,00-originais\ingestao\7489b823b314c5149f69e2bdd5585714cd1e7b3d52076a39981308c83cd4b788\c10_provas4_classes_enunciados.md,7489b823b314c5149f69e2bdd5585714cd1e7b3d52076a39981308c83cd4b788,.md,1,s,b2-06-np-completude,acervo,
26523f2185f4,materiais\Curadoria\Leia me.txt,00-originais\ingestao\e3b0c44298fc1c149afbf4c8996fb92427ae41e4649b934ca495991b7852b855\Leia me.txt,e3b0c44298fc1c149afbf4c8996fb92427ae41e4649b934ca495991b7852b855,.txt,1,n,assunto_incerto,acervo,
6c537b45fd2a,materiais\Disponiveis\RAG PAA\correcaoprof.webp,00-originais\ingestao\8075cf629a1722cf7f0be56fd08301f7ae4685928148724310fb0f2bd55283e5\correcaoprof.webp,8075cf629a1722cf7f0be56fd08301f7ae4685928148724310fb0f2bd55283e5,.webp,1,n,assunto_incerto,acervo,
5ee2f9c93b11,materiais\Disponiveis\RAG PAA\gabaritoprova.webp,00-originais\ingestao\abb2bd26a00a565defabed587dffaf3d36769cd5cc0543a26278e4bb9b1542fb\gabaritoprova.webp,abb2bd26a00a565defabed587dffaf3d36769cd5cc0543a26278e4bb9b1542fb,.webp,1,n,assunto_incerto,acervo,
f00a2397e216,materiais\Disponiveis\RAG PAA\Imagem_do_WhatsApp_de_2023-09-28_(s)_23.48.33_58a20ced.webp,00-originais\ingestao\63cc32ccf4ffa08e3947b51ee24a5e7111b16cc8ccb71a08a0851cadd0e3f164\Imagem_do_WhatsApp_de_2023-09-28_(s)_23.48.33_58a20ced.webp,63cc32ccf4ffa08e3947b51ee24a5e7111b16cc8ccb71a08a0851cadd0e3f164,.webp,1,n,assunto_incerto,acervo,
944bdd14465d,materiais\Disponiveis\RAG PAA\IMG-20231017-WA0076.webp,00-originais\ingestao\6b4cc23c9cfb20bdde5130c007b3bea2222deb5fea9cee050e803aa4eb6d040c\IMG-20231017-WA0076.webp,6b4cc23c9cfb20bdde5130c007b3bea2222deb5fea9cee050e803aa4eb6d040c,.webp,1,n,assunto_incerto,acervo,
f52f437d0e2f,materiais\Disponiveis\RAG PAA\IMG-20231017-WA0077.webp,00-originais\ingestao\c9c2d140775a887f57d0b88cb51230852e02ce897fc9aec5ee0e2302bba720c8\IMG-20231017-WA0077.webp,c9c2d140775a887f57d0b88cb51230852e02ce897fc9aec5ee0e2302bba720c8,.webp,1,n,assunto_incerto,acervo,
fc6f103e4d15,materiais\Disponiveis\RAG PAA\IMG-20231017-WA0086.webp,00-originais\ingestao\4f0980b843f630fbd36bfee3fe44493956ac25e7bd86b48d9297ac6f036368e6\IMG-20231017-WA0086.webp,4f0980b843f630fbd36bfee3fe44493956ac25e7bd86b48d9297ac6f036368e6,.webp,1,n,assunto_incerto,acervo,
7b4da6a8adf7,materiais\Disponiveis\RAG PAA\PAA_L1.pdf,00-originais\ingestao\254b99147d1a9f46643b4e618ea2d04980afdb0797876f9a1bb4e8d6dafd7e97\PAA_L1.pdf,254b99147d1a9f46643b4e618ea2d04980afdb0797876f9a1bb4e8d6dafd7e97,.pdf,17,s,b1-01-corretude-complexidade,acervo,
ef6d051e4b8c,materiais\Disponiveis\RAG PAA\PAA_L2.pdf,00-originais\ingestao\f241b13bb5b93049a8ee6a27df949c81e87befbfac6685b5b9bdf10ca0c9e41f\PAA_L2.pdf,f241b13bb5b93049a8ee6a27df949c81e87befbfac6685b5b9bdf10ca0c9e41f,.pdf,12,s,b1-01-corretude-complexidade,acervo,
d455baef2cdf,materiais\Disponiveis\RAG PAA\PAA_L3.pdf,00-originais\ingestao\a495dfd5a80f1c91a53423d08aba70b822dc1196cff6f0ef03803925af04b125\PAA_L3.pdf,a495dfd5a80f1c91a53423d08aba70b822dc1196cff6f0ef03803925af04b125,.pdf,9,s,b1-02-divisao-e-conquista,acervo,
a177bf5bc3c7,materiais\Disponiveis\RAG PAA\PAA_L4.pdf,00-originais\ingestao\4a83c2298f49517061e83f53aef12678ce5bd3bcd8aa7ffacbdf18b64e7e99f5\PAA_L4.pdf,4a83c2298f49517061e83f53aef12678ce5bd3bcd8aa7ffacbdf18b64e7e99f5,.pdf,10,s,b1-03-algoritmos-gulosos,acervo,
1a81ca283132,materiais\Disponiveis\RAG PAA\PAA_L5.pdf,00-originais\ingestao\21aaf6a4f2ab267dc973ce357af1dfcd2ce97006c21da090fc61233ae02e73ed\PAA_L5.pdf,21aaf6a4f2ab267dc973ce357af1dfcd2ce97006c21da090fc61233ae02e73ed,.pdf,10,s,b2-04-programacao-dinamica,acervo,
97254bb4a1b8,materiais\Disponiveis\RAG PAA\PAA_L6.pdf,00-originais\ingestao\427b1e70e19c921a84255afd6997dc61bf7027864043037d9e78736fa419eddd\PAA_L6.pdf,427b1e70e19c921a84255afd6997dc61bf7027864043037d9e78736fa419eddd,.pdf,7,s,b2-05-transformacao-de-problemas,acervo,
f38bb8142136,materiais\Disponiveis\RAG PAA\PAA_L7.pdf,00-originais\ingestao\f588d1d982713de54c4bed5dc0516d0a5c52f6afeee19b635d1e87ef514c0f14\PAA_L7.pdf,f588d1d982713de54c4bed5dc0516d0a5c52f6afeee19b635d1e87ef514c0f14,.pdf,12,s,b2-06-np-completude,acervo,
70d6475b28bf,materiais\Disponiveis\RAG PAA\PAA_L8.pdf,00-originais\ingestao\3942435c025c9c19e03ad3dfedb1d39c4c683b1d736babfb0a5214b158cb2f14\PAA_L8.pdf,3942435c025c9c19e03ad3dfedb1d39c4c683b1d736babfb0a5214b158cb2f14,.pdf,15,s,b2-07-lidando-com-np-completude,acervo,
cf6ed839736d,materiais\Disponiveis\RAG PAA\paa_prova.webp,00-originais\ingestao\b189b3bb5014c59dc3751c9734cbb6c4aa9ea5875afd125c69c3204f169ca612\paa_prova.webp,b189b3bb5014c59dc3751c9734cbb6c4aa9ea5875afd125c69c3204f169ca612,.webp,1,n,assunto_incerto,acervo,
bb377af634ea,materiais\Disponiveis\RAG PAA\paaprova.webp,00-originais\ingestao\ec9958c2a3928465375ff13feea347c6d1367466677f76ce33152a894f11786f\paaprova.webp,ec9958c2a3928465375ff13feea347c6d1367466677f76ce33152a894f11786f,.webp,1,n,assunto_incerto,acervo,
b582b17177a0,materiais\Disponiveis\RAG PAA\Prova_1_(1).pdf,00-originais\ingestao\f8721b8a3b10f9c650b5fb5c8c391bfed1776aabac56bce59a120b278139106f\Prova_1_(1).pdf,f8721b8a3b10f9c650b5fb5c8c391bfed1776aabac56bce59a120b278139106f,.pdf,4,s,b1-02-divisao-e-conquista,acervo,
320662691e44,materiais\Disponiveis\RAG PAA\prova_1_A.pdf,00-originais\ingestao\fead84a3e19ad8959fe2cc4748d71a4625002e4620c40119b20d23b27ccd63af\prova_1_A.pdf,fead84a3e19ad8959fe2cc4748d71a4625002e4620c40119b20d23b27ccd63af,.pdf,6,n,assunto_incerto,acervo,
23950cced864,materiais\Disponiveis\RAG PAA\prova_2(1).pdf,00-originais\ingestao\4deb6e85a1447453001469d12c14399294b8932531092201197af53266c5fde1\prova_2(1).pdf,4deb6e85a1447453001469d12c14399294b8932531092201197af53266c5fde1,.pdf,4,n,assunto_incerto,acervo,
7498903a641d,materiais\Disponiveis\RAG PAA\prova_2.pdf,00-originais\ingestao\44f127e8433bb54cd65a3b510e3f2bbf75dd50e30aed48b70680ef0353eb3168\prova_2.pdf,44f127e8433bb54cd65a3b510e3f2bbf75dd50e30aed48b70680ef0353eb3168,.pdf,1,s,b1-03-algoritmos-gulosos,acervo,
299d863129c5,materiais\Disponiveis\RAG PAA\Prova_2_2022.2.webp,00-originais\ingestao\cc288bc8f423b96954cea28d9178688dd9798ed976118c1ffd75d6d998964ef8\Prova_2_2022.2.webp,cc288bc8f423b96954cea28d9178688dd9798ed976118c1ffd75d6d998964ef8,.webp,1,n,assunto_incerto,acervo,
c616f5b14d1a,materiais\Disponiveis\RAG PAA\prova_2_A.pdf,00-originais\ingestao\64f6b97e3a85356aab957667974db6036a37cf7b39754fa28af3fbb3c3ea15ec\prova_2_A.pdf,64f6b97e3a85356aab957667974db6036a37cf7b39754fa28af3fbb3c3ea15ec,.pdf,6,n,assunto_incerto,acervo,
6301b3b327fc,materiais\Disponiveis\RAG PAA\prova_3.pdf,00-originais\ingestao\5d32011d346cff0d9d9a39f1fb96062da0149005ecfe8f88b41b92343c0a184a\prova_3.pdf,5d32011d346cff0d9d9a39f1fb96062da0149005ecfe8f88b41b92343c0a184a,.pdf,1,s,b2-04-programacao-dinamica,acervo,
2df6e1818523,materiais\Disponiveis\RAG PAA\provaoaa.pdf,00-originais\ingestao\f8721b8a3b10f9c650b5fb5c8c391bfed1776aabac56bce59a120b278139106f\provaoaa.pdf,f8721b8a3b10f9c650b5fb5c8c391bfed1776aabac56bce59a120b278139106f,.pdf,4,s,b1-02-divisao-e-conquista,acervo,
25264d122fc0,materiais\Disponiveis\RAG PAA\Respostas_prova_2_PAA.pdf,00-originais\ingestao\cebaba427dd07a523df23e5781859efb01637ff47c9a269bb4c760e31b31d1de\Respostas_prova_2_PAA.pdf,cebaba427dd07a523df23e5781859efb01637ff47c9a269bb4c760e31b31d1de,.pdf,2,s,assunto_incerto,acervo,
ea17161d3bfb,materiais\Disponiveis\RAG PAA\WhatsApp_Image_2023-07-04_at_21.52.26.webp,00-originais\ingestao\841d198cfee25130e997a0142bae3640a02d34975f902835dea3aa75a0b19867\WhatsApp_Image_2023-07-04_at_21.52.26.webp,841d198cfee25130e997a0142bae3640a02d34975f902835dea3aa75a0b19867,.webp,1,n,assunto_incerto,acervo,
c461856d5688,materiais\Disponiveis\RAG PAA\WhatsApp_Image_2023-07-04_at_21.52.27_(1).webp,00-originais\ingestao\8e835e60081f99b21e6eb980ad216fd7f90d25c384720f08b6cd6e4483823a7b\WhatsApp_Image_2023-07-04_at_21.52.27_(1).webp,8e835e60081f99b21e6eb980ad216fd7f90d25c384720f08b6cd6e4483823a7b,.webp,1,n,assunto_incerto,acervo,
ef40cf393fd2,materiais\Disponiveis\RAG PAA\WhatsApp_Image_2025-01-12_at_13.13.30.webp,00-originais\ingestao\3ed83243687ff2c3453fa5e975bb6dbc18a17841a2254ad3717358f9a27ddafd\WhatsApp_Image_2025-01-12_at_13.13.30.webp,3ed83243687ff2c3453fa5e975bb6dbc18a17841a2254ad3717358f9a27ddafd,.webp,1,n,assunto_incerto,acervo,
3a0ef8722268,materiais\Disponiveis\RAG PAA\WhatsApp_Image_2025-01-12_at_13.13.31.webp,00-originais\ingestao\f628541180bd1edd4bd4e3fde2f4190c602deb990cd6af5f8cac68eb5af8ceb0\WhatsApp_Image_2025-01-12_at_13.13.31.webp,f628541180bd1edd4bd4e3fde2f4190c602deb990cd6af5f8cac68eb5af8ceb0,.webp,1,n,assunto_incerto,acervo,
fb361b787fc6,materiais\Disponiveis\RAG PAA\WhatsApp_Image_2025-01-12_at_13.13.31_(1).webp,00-originais\ingestao\fd9e6e814d6ee1c1138945031c939c5019db6538f377abc66059229e66459afd\WhatsApp_Image_2025-01-12_at_13.13.31_(1).webp,fd9e6e814d6ee1c1138945031c939c5019db6538f377abc66059229e66459afd,.webp,1,n,assunto_incerto,acervo,
3ac1cffa14d8,materiais\Disponiveis\RAG PAA\WhatsApp_Image_2025-01-12_at_13.13.31_(2).webp,00-originais\ingestao\795120b6d8ec88e7041efaf1ad828ea94c09a0e52e1039b7d4f609201f770dca\WhatsApp_Image_2025-01-12_at_13.13.31_(2).webp,795120b6d8ec88e7041efaf1ad828ea94c09a0e52e1039b7d4f609201f770dca,.webp,1,n,assunto_incerto,acervo,
3e662496e5b2,materiais\Disponiveis\RAG PAA\WhatsApp_Image_2025-01-12_at_13.13.31_(3).webp,00-originais\ingestao\7c7fd4764842a2e69445ac2df8b58b82bfaddeac9373c9b2316bdd885e9e5ff9\WhatsApp_Image_2025-01-12_at_13.13.31_(3).webp,7c7fd4764842a2e69445ac2df8b58b82bfaddeac9373c9b2316bdd885e9e5ff9,.webp,1,n,assunto_incerto,acervo,
b3ad6bc7faa9,materiais\Disponiveis\RAG PAA\WhatsApp_Image_2025-01-12_at_13.13.31_(4).webp,00-originais\ingestao\f3744cc05e9dfc1e3128a73dd062449804d7b0e1826925916a5904663f6abc38\WhatsApp_Image_2025-01-12_at_13.13.31_(4).webp,f3744cc05e9dfc1e3128a73dd062449804d7b0e1826925916a5904663f6abc38,.webp,1,n,assunto_incerto,acervo,
bfca39234401,materiais\Disponiveis\RAG PAA\WhatsApp_Image_2025-01-12_at_13.13.32_(1).webp,00-originais\ingestao\68989a76c473bcc81306c2dbcaa5bfb11324291c42ae7b2b4dc7efbae0c4515a\WhatsApp_Image_2025-01-12_at_13.13.32_(1).webp,68989a76c473bcc81306c2dbcaa5bfb11324291c42ae7b2b4dc7efbae0c4515a,.webp,1,n,assunto_incerto,acervo,
eed922118383,materiais\Disponiveis\RAG PAA\WhatsApp_Image_2025-01-12_at_13.13.32_(10).webp,00-originais\ingestao\958896212b7524014af70da0f3592d6663f9952a9abaeb1da2ba2dff4f8e29ba\WhatsApp_Image_2025-01-12_at_13.13.32_(10).webp,958896212b7524014af70da0f3592d6663f9952a9abaeb1da2ba2dff4f8e29ba,.webp,1,n,assunto_incerto,acervo,
f31fd59937d3,materiais\Disponiveis\RAG PAA\WhatsApp_Image_2025-01-12_at_13.13.32_(2).webp,00-originais\ingestao\a0e6975e2e43e8984b38b035926fcfe95667234ff0fc7be1a2e255ace0ef97bb\WhatsApp_Image_2025-01-12_at_13.13.32_(2).webp,a0e6975e2e43e8984b38b035926fcfe95667234ff0fc7be1a2e255ace0ef97bb,.webp,1,n,assunto_incerto,acervo,
e8d9e99bbf26,materiais\Disponiveis\RAG PAA\WhatsApp_Image_2025-01-12_at_13.13.32_(5).webp,00-originais\ingestao\1e1907331268df3077f806391d21f183788f22f6719a34dd843b9759f590da5a\WhatsApp_Image_2025-01-12_at_13.13.32_(5).webp,1e1907331268df3077f806391d21f183788f22f6719a34dd843b9759f590da5a,.webp,1,n,assunto_incerto,acervo,
a38cdcf2222d,materiais\Disponiveis\RAG PAA\WhatsApp_Image_2025-01-12_at_13.13.32_(6).webp,00-originais\ingestao\8bb1db2b26b203521e8e11d20f22c5ea594cbfa0fd9113882a7e05574fe4ab74\WhatsApp_Image_2025-01-12_at_13.13.32_(6).webp,8bb1db2b26b203521e8e11d20f22c5ea594cbfa0fd9113882a7e05574fe4ab74,.webp,1,n,assunto_incerto,acervo,
4010e9ca4f5a,materiais\Disponiveis\RAG PAA\WhatsApp_Image_2025-01-12_at_13.13.32_(9).webp,00-originais\ingestao\dd089b5da661fa2bde06539ed6fc5366fdedce112bac7ba9769fb5bb85409724\WhatsApp_Image_2025-01-12_at_13.13.32_(9).webp,dd089b5da661fa2bde06539ed6fc5366fdedce112bac7ba9769fb5bb85409724,.webp,1,n,assunto_incerto,acervo,
3ce8a5917d50,materiais\Disponiveis\RAG PAA\WhatsApp_Image_2025-01-12_at_13.30.09.webp,00-originais\ingestao\d9755f808a940a9245696aa5b78449170950215e39c77170e856fd71f5682414\WhatsApp_Image_2025-01-12_at_13.30.09.webp,d9755f808a940a9245696aa5b78449170950215e39c77170e856fd71f5682414,.webp,1,n,assunto_incerto,acervo,
5752b04a5dca,materiais\Disponiveis\RAG PAA\WhatsApp_Image_2025-01-12_at_13.30.09_(1).webp,00-originais\ingestao\46b81b96382238b93725320644786e75a8fd08c00adce6785465bc3806b08dec\WhatsApp_Image_2025-01-12_at_13.30.09_(1).webp,46b81b96382238b93725320644786e75a8fd08c00adce6785465bc3806b08dec,.webp,1,n,assunto_incerto,acervo,
df28041e3b02,materiais\Disponiveis\RAG PAA\WhatsApp_Image_2025-01-12_at_13.30.09_(2).webp,00-originais\ingestao\4a6e5a3316e623345dd8280d8ef2042cfb2fe2ca12279f911246e2fc2fafcd8c\WhatsApp_Image_2025-01-12_at_13.30.09_(2).webp,4a6e5a3316e623345dd8280d8ef2042cfb2fe2ca12279f911246e2fc2fafcd8c,.webp,1,n,assunto_incerto,acervo,
f31afeb0f44f,materiais\Disponiveis\RAG PAA\WhatsApp_Image_2025-01-12_at_13.37.23.webp,00-originais\ingestao\88d9f7de53a5db2d84469e47ab21047415cd39dd338789a44b21565765bd0b16\WhatsApp_Image_2025-01-12_at_13.37.23.webp,88d9f7de53a5db2d84469e47ab21047415cd39dd338789a44b21565765bd0b16,.webp,1,n,assunto_incerto,acervo,
f802639909c5,materiais\Disponiveis\RAG PAA\WhatsApp_Image_2025-01-12_at_13.40.55.webp,00-originais\ingestao\b6ecdc75a88025a5ae6fb5851a94fe6654032878daceb8aa4788406d99be577e\WhatsApp_Image_2025-01-12_at_13.40.55.webp,b6ecdc75a88025a5ae6fb5851a94fe6654032878daceb8aa4788406d99be577e,.webp,1,n,assunto_incerto,acervo,
abfdf1a3da4e,materiais\Disponiveis\RAG PAA\WhatsApp_Image_2025-01-12_at_13.41.33.webp,00-originais\ingestao\0c956a9015e6940309e921c4139ca1f4409deebf97aff39f668fc887859c35c9\WhatsApp_Image_2025-01-12_at_13.41.33.webp,0c956a9015e6940309e921c4139ca1f4409deebf97aff39f668fc887859c35c9,.webp,1,n,assunto_incerto,acervo,
b7f0e057578a,materiais\Disponiveis\RAG PAA\WhatsApp_Image_2025-01-12_at_13.41.34.webp,00-originais\ingestao\b551e952102d8d16db8916c0212e564396d20a26c7c3c550dfcd8ad5bae96e9f\WhatsApp_Image_2025-01-12_at_13.41.34.webp,b551e952102d8d16db8916c0212e564396d20a26c7c3c550dfcd8ad5bae96e9f,.webp,1,n,assunto_incerto,acervo,
